Piedmont Matriculation,Job Outcomes,Institution,Short name
University of Pennsylvania (ED),https://www.google.com/search?q=job+outcomes+University+of+Pennsylvania+(ED),University of Pennsylvania,Penn
Princeton University,https://www.google.com/search?q=job+outcomes+Princeton+University,Princeton University,Princeton
Columbia University in the City of New York,https://www.google.com/search?q=job+outcomes+Columbia+University+in+the+City+of+New+York,Columbia University,Columbia
Massachusetts Institute of Technology,https://www.google.com/search?q=job+outcomes+Massachusetts+Institute+of+Technology,Massachusetts Institute of Technology,MIT
Harvard University,https://www.google.com/search?q=job+outcomes+Harvard+University,Harvard University,Harvard
Stanford University,https://www.google.com/search?q=job+outcomes+Stanford+University,Stanford University,Stanford
Missouri University of Science and Technology,https://www.google.com/search?q=job+outcomes+Missouri+University+of+Science+and+Technology,Missouri University of Science and Technology,MST
Claremont Colleges (McKenna College),https://www.google.com/search?q=job+outcomes+Claremont+McKenna+College,Claremont Colleges,Claremont5
Yale University,https://www.google.com/search?q=job+outcomes+Yale+University,Yale University,Yale
Babson College,https://www.google.com/search?q=job+outcomes+Babson+College,Babson College,Babson
Georgetown University,https://www.google.com/search?q=job+outcomes+Georgetown+University,Georgetown University,Georgetown
Michigan Technological University,https://www.google.com/search?q=job+outcomes+Michigan+Technological+University,Michigan Technological University,Michigan Tech
Brigham Young University-Provo,https://www.google.com/search?q=job+outcomes+Brigham+Young+University-Provo,Brigham Young University,BYU
Lehigh University,https://www.google.com/search?q=job+outcomes+Lehigh+University,Lehigh University,Lehigh
New Jersey Institute of Technology,https://www.google.com/search?q=job+outcomes+New+Jersey+Institute+of+Technology,New Jersey Institute of Technology,NJIT
Illinois Institute of Technology,https://www.google.com/search?q=job+outcomes+Illinois+Institute+of+Technology,Illinois Institute of Technology,IIT
Duke University,https://www.google.com/search?q=job+outcomes+Duke+University,Duke University,Duke
Vanderbilt University,https://www.google.com/search?q=job+outcomes+Vanderbilt+University,Vanderbilt University,VU
Amherst College,https://www.google.com/search?q=job+outcomes+Amherst+College,Amherst College,Amherst
Rensselaer Polytechnic Institute,https://www.google.com/search?q=job+outcomes+Rensselaer+Polytechnic+Institute,Rensselaer Polytechnic Institute,RPI
Colgate University,https://www.google.com/search?q=job+outcomes+Colgate+University,Colgate University,Colgate
Rose-Hulman Institute of Technology,https://www.google.com/search?q=job+outcomes+Rose-Hulman+Institute+of+Technology,Rose-Hulman Institute of Technology,RHIT
University of Notre Dame,https://www.google.com/search?q=job+outcomes+University+of+Notre+Dame,University of Notre Dame,ND
California Institute of Technology,https://www.google.com/search?q=job+outcomes+California+Institute+of+Technology,California Institute of Technology,Caltech
Davidson College,https://www.google.com/search?q=job+outcomes+Davidson+College,Davidson College,Davidson
Colby College,https://www.google.com/search?q=job+outcomes+Colby+College,Colby College,Colby
Villanova University,https://www.google.com/search?q=job+outcomes+Villanova+University,Villanova University,Villanova
Stevens Institute of Technology,https://www.google.com/search?q=job+outcomes+Stevens+Institute+of+Technology,Stevens Institute of Technology,Stevens
George Washington University,https://www.google.com/search?q=job+outcomes+George+Washington+University,George Washington University,GW
Dartmouth College,https://www.google.com/search?q=job+outcomes+Dartmouth+College,Dartmouth College,Dartmouth
South Dakota School of Mines and Technology,https://www.google.com/search?q=job+outcomes+South+Dakota+School+of+Mines+and+Technology,South Dakota School of Mines and Technology,SDSMT
University of Washington - Tacoma,https://www.google.com/search?q=job+outcomes+University+of+Washington+-+Tacoma,"University of Washington, Tacoma",Tacoma
Ohio Northern University,https://www.google.com/search?q=job+outcomes+Ohio+Northern+University,Ohio Northern University,ONU
Washington and Lee University,https://www.google.com/search?q=job+outcomes+Washington+and+Lee+University,Washington and Lee University,Washington
University of Florida,https://www.google.com/search?q=job+outcomes+University+of+Florida,University of Florida,UF
University of Utah,https://www.google.com/search?q=job+outcomes+University+of+Utah,University of Utah,Utah
Wake Forest University,https://www.google.com/search?q=job+outcomes+Wake+Forest+University,Wake Forest University,WFU
Georgia Institute of Technology,https://www.google.com/search?q=job+outcomes+Georgia+Institute+of+Technology,Georgia Institute of Technology,Georgia Tech
Washington University in St Louis,https://www.google.com/search?q=job+outcomes+Washington+University+in+St+Louis,Washington University in St. Louis,WUSTL
Cornell University,https://www.google.com/search?q=job+outcomes+Cornell+University,Cornell University,Cornell
Swarthmore College,https://www.google.com/search?q=job+outcomes+Swarthmore+College,Swarthmore College,Swarthmore
Thomas Jefferson University,https://www.google.com/search?q=job+outcomes+Thomas+Jefferson+University,Thomas Jefferson University,TJU
Florida International University,https://www.google.com/search?q=job+outcomes+Florida+International+University,Florida International University,FIU
Drexel University,https://www.google.com/search?q=job+outcomes+Drexel+University,Drexel University,Drexel
Boston College,https://www.google.com/search?q=job+outcomes+Boston+College,Boston College,BC
Washington State University,https://www.google.com/search?q=job+outcomes+Washington+State+University,Washington State University,WSU
Worcester Polytechnic Institute,https://www.google.com/search?q=job+outcomes+Worcester+Polytechnic+Institute,Worcester Polytechnic Institute,WPI
Fairfield University,https://www.google.com/search?q=job+outcomes+Fairfield+University,Fairfield University,Fairfield
Northwestern University,https://www.google.com/search?q=job+outcomes+Northwestern+University,Northwestern University,NU
Carnegie Mellon University,https://www.google.com/search?q=job+outcomes+Carnegie+Mellon+University,Carnegie Mellon University,CMU
University of Southern California,https://www.google.com/search?q=job+outcomes+University+of+Southern+California,University of Southern California,USC
University of Michigan-Ann Arbor,https://www.google.com/search?q=job+outcomes+University+of+Michigan-Ann+Arbor,University of Michigan - Ann Arbor,U-M
California Polytechnic State University San Luis Obispo,https://www.google.com/search?q=job+outcomes+California+Polytechnic+State+University+San+Luis+Obispo,California Polytechnic State University,Cal Poly
Bryant University,https://www.google.com/search?q=job+outcomes+Bryant+University,Bryant University,Bryant
College of the Holy Cross,https://www.google.com/search?q=job+outcomes+College+of+the+Holy+Cross,College of the Holy Cross,Holy Cross
Marquette University,https://www.google.com/search?q=job+outcomes+Marquette+University,Marquette University,Marquette
Clemson University,https://www.google.com/search?q=job+outcomes+Clemson+University,Clemson University,Clemson
Haverford College,https://www.google.com/search?q=job+outcomes+Haverford+College,Haverford College,Haverford
California State University- Northridge,https://www.google.com/search?q=job+outcomes+California+State+University-+Northridge,California State University-Northridge,CSUN
Bucknell University,https://www.google.com/search?q=job+outcomes+Bucknell+University,Bucknell University,Bucknell
Claremont Colleges (Harvey Mudd College),https://www.google.com/search?q=job+outcomes+Harvey+Mudd+College,Claremont Colleges,Claremont5
Brown University,https://www.google.com/search?q=job+outcomes+Brown+University,Brown University,Brown
University of Chicago,https://www.google.com/search?q=job+outcomes+University+of+Chicago,University of Chicago,UChicago
Johns Hopkins University,https://www.google.com/search?q=job+outcomes+Johns+Hopkins+University,Johns Hopkins University,JHU
Northeastern University,https://www.google.com/search?q=job+outcomes+Northeastern+University,Northeastern University,NEU
Rice University,https://www.google.com/search?q=job+outcomes+Rice+University,Rice University,Rice
Williams College,https://www.google.com/search?q=job+outcomes+Williams+College,Williams College,Williams
Middlebury College,https://www.google.com/search?q=job+outcomes+Middlebury+College,Middlebury College,Middlebury
Wesleyan University,https://www.google.com/search?q=job+outcomes+Wesleyan+University,Wesleyan University,Wesleyan
"University of California, San Francisco","https://www.google.com/search?q=job+outcomes+University+of+California,+San+Francisco",University of California-San Francisco,UCSF
McGill University,https://www.google.com/search?q=job+outcomes+McGill+University,McGill University Canada,McGill
Tufts University,https://www.google.com/search?q=job+outcomes+Tufts+University,Tufts University,Tufts
Claremont Colleges (Pomona College),https://www.google.com/search?q=job+outcomes+Pomona+College,Claremont Colleges,Claremont5
Case Western Reserve University,https://www.google.com/search?q=job+outcomes+Case+Western+Reserve+University,Case Western Reserve University,CWRU
William & Mary,https://www.google.com/search?q=job+outcomes+William+&+Mary,College of William & Mary,W&M
Bowdoin College,https://www.google.com/search?q=job+outcomes+Bowdoin+College,Bowdoin College,Bowdoin
University of California Berkeley,https://www.google.com/search?q=job+outcomes+University+of+California+Berkeley,University of California-Berkeley,UC Berkeley
University of Rochester,https://www.google.com/search?q=job+outcomes+University+of+Rochester,University of Rochester,UR
University of Virginia,https://www.google.com/search?q=job+outcomes+University+of+Virginia,University of Virginia,UVA
Vassar College,https://www.google.com/search?q=job+outcomes+Vassar+College,Vassar College,Vassar
University of California Los Angeles,https://www.google.com/search?q=job+outcomes+University+of+California+Los+Angeles,University of California-Los Angeles,UCLA
University of California Santa Barbara,https://www.google.com/search?q=job+outcomes+University+of+California+Santa+Barbara,University of California-Santa Barbara,UCSB
University of California San Diego,https://www.google.com/search?q=job+outcomes+University+of+California+San+Diego,University of California-San Diego,UC San Diego
University of British Columbia,https://www.google.com/search?q=job+outcomes+University+of+British+Columbia,University of British Columbia,UBC
Boston University,https://www.google.com/search?q=job+outcomes+Boston+University,Boston University,BU
Tulane University of Louisiana,https://www.google.com/search?q=job+outcomes+Tulane+University+of+Louisiana,Tulane University,Tulane
Fordham University,https://www.google.com/search?q=job+outcomes+Fordham+University,Fordham University,Fordham
University of California-Davis,https://www.google.com/search?q=job+outcomes+University+of+California-Davis,University of California-Davis,UC Davis
New York University,https://www.google.com/search?q=job+outcomes+New+York+University,New York University,NYU
Pepperdine University,https://www.google.com/search?q=job+outcomes+Pepperdine+University,Pepperdine University,Pepperdine
Brandeis University,https://www.google.com/search?q=job+outcomes+Brandeis+University,Brandeis University,Brandeis
University of Denver,https://www.google.com/search?q=job+outcomes+University+of+Denver,University of Denver,University Denver
University of California-Irvine,https://www.google.com/search?q=job+outcomes+University+of+California-Irvine,University of California-Irvine,UCI
Emory University,https://www.google.com/search?q=job+outcomes+Emory+University,Emory University,Emory
Bryn Mawr College,https://www.google.com/search?q=job+outcomes+Bryn+Mawr+College,Bryn Mawr College,Bryn
Rutgers University,https://www.google.com/search?q=job+outcomes+Rutgers+University,Rutgers University-New Brunswick,RU
University of Washington in Seattle,https://www.google.com/search?q=job+outcomes+University+of+Washington+in+Seattle,"University of Washington, Seattle",UW
American University,https://www.google.com/search?q=job+outcomes+American+University,American University,American
University of North Carolina at Chapel Hill,https://www.google.com/search?q=job+outcomes+The+University+of+North+Carolina+at+Chapel+Hill,University of North Carolina at Chapel Hill,UNC
University of Maryland-College Park,https://www.google.com/search?q=job+outcomes+University+of+Maryland-College+Park,University of Maryland-College Park,UMCP
University of California- Riverside,https://www.google.com/search?q=job+outcomes+University+of+California-+Riverside,University of California-Riverside,UCR
University of Texas at Austin,https://www.google.com/search?q=job+outcomes+The+University+of+Texas+at+Austin,University of Texas at Austin,UT Austin
Whitman College,https://www.google.com/search?q=job+outcomes+Whitman+College,Whitman College,Whitman
Rochester Institute of Technology,https://www.google.com/search?q=job+outcomes+Rochester+Institute+of+Technology,Rochester Institute of Technology,RIT
University of Wisconsin Madison,https://www.google.com/search?q=job+outcomes+University+of+Wisconsin+Madison,University of Wisconsin-Madison,UW-Madison
Loyola Marymount University,https://www.google.com/search?q=job+outcomes+Loyola+Marymount+University,Loyola Marymount University,LMU
University of San Diego,https://www.google.com/search?q=job+outcomes+University+of+San+Diego,University of San Diego,USD
University of San Francisco,https://www.google.com/search?q=job+outcomes+University+of+San+Francisco,University of San Francisco,USFCA
Arizona State University-Tempe,https://www.google.com/search?q=job+outcomes+Arizona+State+University-Tempe,Arizona State University,ASU
University of Alabama,https://www.google.com/search?q=job+outcomes+The+University+of+Alabama,University of Alabama,UA
University of Vermont,https://www.google.com/search?q=job+outcomes+University+of+Vermont,University of Vermont,UVM
Claremont Colleges (Pitzer College),https://www.google.com/search?q=job+outcomes+Pitzer+College,Claremont Colleges,Claremont5
University of Illinois at Urbana Champaign,https://www.google.com/search?q=job+outcomes+University+of+Illinois+at+Urbana+Champaign,University of Illinois at Urbana-Champaign,UIUC
University of Connecticut,https://www.google.com/search?q=job+outcomes+University+of+Connecticut,University of Connecticut,UConn
University of Minnesota-Twin Cities,https://www.google.com/search?q=job+outcomes+University+of+Minnesota-Twin+Cities,University of Minnesota,UMN
University of Oregon,https://www.google.com/search?q=job+outcomes+University+of+Oregon,University of Oregon,UO
Pennsylvania State University (Penn State),https://www.google.com/search?q=job+outcomes+Pennsylvania+State+University+(Penn+State),Pennsylvania State University,Penn State
Syracuse University,https://www.google.com/search?q=job+outcomes+Syracuse+University,Syracuse University,Syracuse
Denison University,https://www.google.com/search?q=job+outcomes+Denison+University,Denison University,Denison
University of California-Santa Cruz,https://www.google.com/search?q=job+outcomes+University+of+California-Santa+Cruz,University of California-Santa Cruz,UCSC
University of Colorado Boulder,https://www.google.com/search?q=job+outcomes+University+of+Colorado+Boulder,University of Colorado Boulder,CU Boulder
Seattle University,https://www.google.com/search?q=job+outcomes+Seattle+University,Seattle University,Seattle
Willamette University,https://www.google.com/search?q=job+outcomes+Willamette+University,Willamette University,Willamette
Gonzaga University,https://www.google.com/search?q=job+outcomes+Gonzaga+University,Gonzaga University,Gonzaga
University of Portland,https://www.google.com/search?q=job+outcomes+University+of+Portland,University of Portland,University Portland
University of Waterloo,https://www.google.com/search?q=job+outcomes+University+of+Waterloo,University of Waterloo,Waterloo
University of Redlands,https://www.google.com/search?q=job+outcomes+University+of+Redlands,University of Redlands,Redlands
University of California-Merced,https://www.google.com/search?q=job+outcomes+University+of+California-Merced,University of California-Merced,UC Merced
Santa Clara University,https://www.google.com/search?q=job+outcomes+Santa+Clara+University,Santa Clara University,Santa
Purdue University,https://www.google.com/search?q=job+outcomes+Purdue+University,Purdue University,Purdue
Occidental College,https://www.google.com/search?q=job+outcomes+Occidental+College,Occidental College,Occidental
University of Arizona,https://www.google.com/search?q=job+outcomes+University+of+Arizona,University of Arizona - Tucson,Arizona
Elon University,https://www.google.com/search?q=job+outcomes+Elon+University,Elon University,Elon
California State Polytechnic University Pomona,https://www.google.com/search?q=job+outcomes+California+State+Polytechnic+University+Pomona,California State Polytechnic University-Pomona,Cal Poly Pomona
George Mason University,https://www.google.com/search?q=job+outcomes+George+Mason+University,George Mason University,GMU
San Jose State University,https://www.google.com/search?q=job+outcomes+San+Jose+State+University,San Jose State University,SJSU
California State University- Long Beach,https://www.google.com/search?q=job+outcomes+California+State+University-+Long+Beach,California State University-Long Beach,CSULB
California State University- Fullerton,https://www.google.com/search?q=job+outcomes+California+State+University-+Fullerton,California State University-Fullerton,CSUF
California State University- Los Angeles,https://www.google.com/search?q=job+outcomes+California+State+University-+Los+Angeles,California State University-Los Angeles,CSULA
Whittier College,https://www.google.com/search?q=job+outcomes+Whittier+College,Whittier College,Whittier
San Diego State University,https://www.google.com/search?q=job+outcomes+San+Diego+State+University,San Diego State University,SDSU
California State University-Chico,https://www.google.com/search?q=job+outcomes+California+State+University-Chico,California State University-Chico,CSU Chico
California State University-East Bay,https://www.google.com/search?q=job+outcomes+California+State+University-East+Bay,California State University-East Bay,CSUEB
San Francisco State University,https://www.google.com/search?q=job+outcomes+San+Francisco+State+University,San Francisco State University,SF State
Sonoma State University,https://www.google.com/search?q=job+outcomes+Sonoma+State+University,Sonoma State University,SSU
California State University- Monterey Bay,https://www.google.com/search?q=job+outcomes+California+State+University-+Monterey+Bay,California State University-Monterey Bay,CSUMB
California State University- Sacramento,https://www.google.com/search?q=job+outcomes+California+State+University-+Sacramento,California State University-Sacramento,CSU Sacramento
Northern Arizona University,https://www.google.com/search?q=job+outcomes+Northern+Arizona+University,Northern Arizona University,NAU
Diablo Valley College,https://www.google.com/search?q=job+outcomes+Diablo+Valley+College,Diablo Valley College,DVC
Notre Dame de Namur University,https://www.google.com/search?q=job+outcomes+Notre+Dame+de+Namur+University,Notre Dame de Namur University,NDNU
Yonsei University Underwood,https://www.google.com/search?q=job+outcomes+Yonsei+University+Underwood,Yonsei University,YU
Saint Mary's College of California,https://www.google.com/search?q=job+outcomes+Saint+Mary's+College+of+California,Saint Mary's College - Moraga California,Moraga
Berkeley City College,https://www.google.com/search?q=job+outcomes+Berkeley+City+College,Berkeley City College,BCC
Connecticut College,https://www.google.com/search?q=job+outcomes+Connecticut+College,Connecticut College,Connecticut
Indiana University Bloomington,https://www.google.com/search?q=job+outcomes+Indiana+University+Bloomington,Indiana University - Bloomington,IU
Smith College,https://www.google.com/search?q=job+outcomes+Smith+College,Smith College,Smith
Chapman University,https://www.google.com/search?q=job+outcomes+Chapman+University,Chapman University,Chapman
Colorado College,https://www.google.com/search?q=job+outcomes+Colorado+College,Colorado College,CC
Kenyon College,https://www.google.com/search?q=job+outcomes+Kenyon+College,Kenyon College,Kenyon
Southern Methodist University,https://www.google.com/search?q=job+outcomes+Southern+Methodist+University,Southern Methodist University,SMU
The New School,https://www.google.com/search?q=job+outcomes+The+New+School,The New School,TNS
Baylor University,https://www.google.com/search?q=job+outcomes+Baylor+University,Baylor University,Baylor
Carleton College,https://www.google.com/search?q=job+outcomes+Carleton+College,Carleton College,Carleton
Chabot College,https://www.google.com/search?q=job+outcomes+Chabot+College,Chabot College,Chabot
Colorado State University-Fort Collins,https://www.google.com/search?q=job+outcomes+Colorado+State+University-Fort+Collins,Colorado State University,Colorado State
University of Hawaii at Manoa,https://www.google.com/search?q=job+outcomes+University+of+Hawaii+at+Manoa,University of Hawaii at Manoa,UH Manoa
Lewis & Clark College,https://www.google.com/search?q=job+outcomes+Lewis+&+Clark+College,Lewis & Clark College,L&C
Mount Holyoke College,https://www.google.com/search?q=job+outcomes+Mount+Holyoke+College,Mount Holyoke College,MHC
Oberlin College,https://www.google.com/search?q=job+outcomes+Oberlin+College,Oberlin College,Oberlin
University of the Pacific,https://www.google.com/search?q=job+outcomes+University+of+the+Pacific,University of the Pacific,UOP
Reed College,https://www.google.com/search?q=job+outcomes+Reed+College,Reed College,Reed
University of Richmond,https://www.google.com/search?q=job+outcomes+University+of+Richmond,University of Richmond,University Richmond
Santa Barbara City College,https://www.google.com/search?q=job+outcomes+Santa+Barbara+City+College,Santa Barbara City College,Barbara
Sarah Lawrence College,https://www.google.com/search?q=job+outcomes+Sarah+Lawrence+College,Sarah Lawrence College,Sarah
Southern Oregon University,https://www.google.com/search?q=job+outcomes+Southern+Oregon+University,Southern Oregon University,SOU
University of Tennessee- Knoxville,https://www.google.com/search?q=job+outcomes+The+University+of+Tennessee-+Knoxville,University of Tennessee at Knoxville,UTK
Los Angeles Film School,https://www.google.com/search?q=job+outcomes+Los+Angeles+Film+School,Los Angeles Film School,LA Film
Ohio State University,https://www.google.com/search?q=job+outcomes+Ohio+State+University,Ohio State University,OSU
University of Southern California - School of Cinematic Arts,https://www.google.com/search?q=job+outcomes+University+of+Southern+California+-+School+of+Cinematic+Arts,University of Southern California - School of Cinematic Arts,USC-SCA
Westmont College,https://www.google.com/search?q=job+outcomes+Westmont+College,Westmont College,Westmont
American University of Paris,https://www.google.com/search?q=job+outcomes+The+American+University+of+Paris,American University of Paris,AUP
Bard College,https://www.google.com/search?q=job+outcomes+Bard+College,Bard College,Bard
Barnard College,https://www.google.com/search?q=job+outcomes+Barnard+College,Barnard College,Barnard
Bentley University,https://www.google.com/search?q=job+outcomes+Bentley+University,Bentley University,Bentley
Cabrillo College,https://www.google.com/search?q=job+outcomes+Cabrillo+College,Cabrillo College,Cabrillo
California College of the Arts,https://www.google.com/search?q=job+outcomes+California+College+of+the+Arts,California College of the Arts,CCA
"University of California, Los Angeles Extension","https://www.google.com/search?q=job+outcomes+University+of+California,+Los+Angeles+Extension",University of California Los Angeles Extension,UC Extension
University of Central Florida,https://www.google.com/search?q=job+outcomes+University+of+Central+Florida,University of Central Florida,UCF
Colorado School of Mines,https://www.google.com/search?q=job+outcomes+Colorado+School+of+Mines,Colorado School of Mines,CO Mines
Delgado Community College,https://www.google.com/search?q=job+outcomes+Delgado+Community+College,Delgado Community College,Delgado
DePaul University,https://www.google.com/search?q=job+outcomes+DePaul+University,DePaul University,DePaul
Emerson College,https://www.google.com/search?q=job+outcomes+Emerson+College,Emerson College,Emerson
Fashion Institute of Design & Merchandising Los Angeles,https://www.google.com/search?q=job+outcomes+FIDM-Fashion+Institute+of+Design+&+Merchandising+Los+Angeles,Fashion Institute of Design & Merchandising,FIDM
Fashion Institute of Technology,https://www.google.com/search?q=job+outcomes+Fashion+Institute+of+Technology,Fashion Institute of Technology,FashionTech
Fort Lewis College,https://www.google.com/search?q=job+outcomes+Fort+Lewis+College,Fort Lewis College,Fort
Georgia State University,https://www.google.com/search?q=job+outcomes+Georgia+State+University,Georgia State University,GSU
University of Georgia,https://www.google.com/search?q=job+outcomes+University+of+Georgia,University of Georgia,UGA
Gettysburg College,https://www.google.com/search?q=job+outcomes+Gettysburg+College,Gettysburg College,Gettysburg
Goucher College,https://www.google.com/search?q=job+outcomes+Goucher+College,Goucher College,Goucher
University of Hawaii at Hilo,https://www.google.com/search?q=job+outcomes+University+of+Hawaii+at+Hilo,University of Hawai'i at Hilo,UH Hilo
Hawaii Pacific University,https://www.google.com/search?q=job+outcomes+Hawaii+Pacific+University,Hawaii Pacific University,HPU
Howard University,https://www.google.com/search?q=job+outcomes+Howard+University,Howard University,Howard
Las Positas College,https://www.google.com/search?q=job+outcomes+Las+Positas+College,Las Positas College,Positas
Los Angeles Recording Workshop,https://www.google.com/search?q=job+outcomes+Los+Angeles+Recording+Workshop,Los Angeles Recording Workshop,LARW
Louisiana State University,https://www.google.com/search?q=job+outcomes+Louisiana+State+University,Louisiana State University,LSU
Loyola University Chicago,https://www.google.com/search?q=job+outcomes+Loyola+University+Chicago,Loyola University Chicago,LUC
Macalester College,https://www.google.com/search?q=job+outcomes+Macalester+College,Macalester College,Macalester
Marist College,https://www.google.com/search?q=job+outcomes+Marist+College,Marist College,Marist
University of Massachusetts- Amherst,https://www.google.com/search?q=job+outcomes+University+of+Massachusetts-+Amherst,University of Massachusetts Amherst,UMass Amherst
Menlo College,https://www.google.com/search?q=job+outcomes+Menlo+College,Menlo College,Menlo
"Miami University, Oxford","https://www.google.com/search?q=job+outcomes+Miami+University,+Oxford",Miami University Oxford,Miami-OH
Michigan State University,https://www.google.com/search?q=job+outcomes+Michigan+State+University,Michigan State University,MSU
Mills College,https://www.google.com/search?q=job+outcomes+Mills+College,Mills College,Mills
University of Nevada-Reno,https://www.google.com/search?q=job+outcomes+University+of+Nevada-Reno,University of Nevada-Reno,UNR
Norwich University,https://www.google.com/search?q=job+outcomes+Norwich+University,Norwich University,Norwich
Oregon State University,https://www.google.com/search?q=job+outcomes+Oregon+State+University,Oregon State University,Oregon State
Portland State University,https://www.google.com/search?q=job+outcomes+Portland+State+University,Portland State University,PSU
University of Puget Sound,https://www.google.com/search?q=job+outcomes+University+of+Puget+Sound,University of Puget Sound,UPS
Rhode Island School of Design,https://www.google.com/search?q=job+outcomes+Rhode+Island+School+of+Design,Rhode Island School of Design,RISD
Santa Monica College,https://www.google.com/search?q=job+outcomes+Santa+Monica+College,Santa Monica College,Santa-2
Savannah College of Art & Design - SCAD,https://www.google.com/search?q=job+outcomes+Savannah+College+of+Art+&+Design+-+SCAD,Savannah College of Art & Design,Savannah
Sciences Po - UC Berkeley Dual Degree,https://www.google.com/search?q=job+outcomes+Sciences+Po+-+UC+Berkeley+Dual+Degree,York University - Canada,York
Skidmore College,https://www.google.com/search?q=job+outcomes+Skidmore+College,Skidmore College,Skidmore
University of South Carolina Columbia,https://www.google.com/search?q=job+outcomes+University+of+South+Carolina+Columbia,University of South Carolina - Columbia,SC
Spelman College,https://www.google.com/search?q=job+outcomes+Spelman+College,Spelman College,Spelman
St. John's College,https://www.google.com/search?q=job+outcomes+St.+John's+College,St. John's College,SJC-2
St. Lawrence University,https://www.google.com/search?q=job+outcomes+St.+Lawrence+University,St. Lawrence University,St. Lawrence
Texas A & M University - College Park,https://www.google.com/search?q=job+outcomes+Texas+A+&+M+University+College+Station,Texas A & M University - College Station,TAMU
Texas Christian University,https://www.google.com/search?q=job+outcomes+Texas+Christian+University,Texas Christian University,TCU
Trinity College Dublin,https://www.google.com/search?q=job+outcomes+Trinity+College+Dublin,Trinity College Dublin,Trinity-Dublin
University of Edinburgh,https://www.google.com/search?q=job+outcomes+The+University+of+Edinburgh,University of Edinburgh,Edinburgh
University of St Andrews,https://www.google.com/search?q=job+outcomes+University+of+St+Andrews,Andrews University,Andrews
UNSW Sydney,https://www.google.com/search?q=job+outcomes+UNSW+Sydney,University of New South Wales ( UNSW Sydney), UNSW Sydney
Weber State University,https://www.google.com/search?q=job+outcomes+Weber+State+University,Weber State University,Weber State
Wellesley College,https://www.google.com/search?q=job+outcomes+Wellesley+College,Wellesley College,Wellesley
Wesleyan College,https://www.google.com/search?q=job+outcomes+Wesleyan+College,Wesleyan College,Wesleyan-2
Western Washington University,https://www.google.com/search?q=job+outcomes+Western+Washington+University,Western Washington University,WWU
Woodbury University,https://www.google.com/search?q=job+outcomes+Woodbury+University,Woodbury University,Woodbury
University of Aarhus,https://www.google.com/search?q=job+outcomes+University+of+Aarhus,University of Aarhus,Aarhus
Agnes Scott College,https://www.google.com/search?q=job+outcomes+Agnes+Scott+College,Agnes Scott College,Agnes
Allegheny College,https://www.google.com/search?q=job+outcomes+Allegheny+College,Allegheny College,Allegheny
Auburn University,https://www.google.com/search?q=job+outcomes+Auburn+University,Auburn University,Auburn
Augustana College,https://www.google.com/search?q=job+outcomes+Augustana+College,Augustana College,Augustana-2
Azusa Pacific University,https://www.google.com/search?q=job+outcomes+Azusa+Pacific+University,Azusa Pacific University,APU-2
Bates College,https://www.google.com/search?q=job+outcomes+Bates+College,Bates College,Bates
Berklee College of Music,https://www.google.com/search?q=job+outcomes+Berklee+College+of+Music,Berklee College of Music,Berklee
Berry College,https://www.google.com/search?q=job+outcomes+Berry+College,Berry College,Berry College
Binghamton University,https://www.google.com/search?q=job+outcomes+Binghamton+University,Binghamton University,SUNY Binghamton
Biola University,https://www.google.com/search?q=job+outcomes+Biola+University,Biola University,Biola
Boise State University,https://www.google.com/search?q=job+outcomes+Boise+State+University,Boise State University,Boise State
Bradley University,https://www.google.com/search?q=job+outcomes+Bradley+University,Bradley University,Bradley
University of Bridgeport,https://www.google.com/search?q=job+outcomes+University+of+Bridgeport,University of Bridgeport,University Bridgeport
Butler University,https://www.google.com/search?q=job+outcomes+Butler+University,Butler University,Butler
California State University - Maritime Academy,https://www.google.com/search?q=job+outcomes+California+State+University+-+Maritime+Academy,California State University - Maritime Academy,Maritime
California Institute of the Arts,https://www.google.com/search?q=job+outcomes+California+Institute+of+the+Arts,California Institute of the Arts,CIA
California Lutheran University,https://www.google.com/search?q=job+outcomes+California+Lutheran+University,California Lutheran University,CLU
California State University- Channel Islands,https://www.google.com/search?q=job+outcomes+California+State+University-+Channel+Islands,California State University - Channel Islands,Channel Islands
UC Davis Continuing and Professional Education,https://www.google.com/search?q=job+outcomes+UC+Davis+Continuing+and+Professional+Education,UC Davis Continuing Professional Education,UC Professional
Capitol Technology University,https://www.google.com/search?q=job+outcomes+Capitol+Technology+University,Capitol Technology University,Capitol
Central Washington University,https://www.google.com/search?q=job+outcomes+Central+Washington+University,Central Washington University,CWU
College of Charleston,https://www.google.com/search?q=job+outcomes+College+of+Charleston,College of Charleston,College
University of Cincinnati,https://www.google.com/search?q=job+outcomes+University+of+Cincinnati,University of Cincinnati,UC
Clark University,https://www.google.com/search?q=job+outcomes+Clark+University,Clark University,Clark
University of Colorado Denver,https://www.google.com/search?q=job+outcomes+University+of+Colorado+Denver,University of Colorado Denver,CU Denver
Colorado Mesa University,https://www.google.com/search?q=job+outcomes+Colorado+Mesa+University,Colorado Mesa University,Colorado
Columbia College,https://www.google.com/search?q=job+outcomes+Columbia+College,Columbia College Chicago,Columbia College
Cooper Union for the Advancement of Science and Art,https://www.google.com/search?q=job+outcomes+Cooper+Union+for+the+Advancement+of+Science+and+Art,Cooper Union for the Advancement of Science and Art,Cooper Union
University of Copenhagen,https://www.google.com/search?q=job+outcomes+University+of+Copenhagen,University of Copenhagen,UCPH
Creighton University,https://www.google.com/search?q=job+outcomes+Creighton+University,Creighton University,Creighton
University of Dallas,https://www.google.com/search?q=job+outcomes+University+of+Dallas,University of Dallas,UD-2
University of Delaware,https://www.google.com/search?q=job+outcomes+University+of+Delaware,University of Delaware,UD
Dickinson College,https://www.google.com/search?q=job+outcomes+Dickinson+College,Dickinson College,Dickinson
Dominican University New York,https://www.google.com/search?q=job+outcomes+Dominican+University+New+York,Dominican University,Dominican-2
Dominican University of California,https://www.google.com/search?q=job+outcomes+Dominican+University+of+California,Dominican University of California,Dominican
University College Dublin,https://www.google.com/search?q=job+outcomes+University+College+Dublin,University College Dublin,UCD
Eastern Connecticut State University,https://www.google.com/search?q=job+outcomes+Eastern+Connecticut+State+University,Eastern Connecticut State University,ECSU-2
Eastern Washington University,https://www.google.com/search?q=job+outcomes+Eastern+Washington+University,Eastern Washington University,EWU
Eckerd College,https://www.google.com/search?q=job+outcomes+Eckerd+College,Eckerd College,Eckerd
Emmanuel College,https://www.google.com/search?q=job+outcomes+Emmanuel+College,Emmanuel College,Emmanuel
Evergreen State College,https://www.google.com/search?q=job+outcomes+The+Evergreen+State+College,Evergreen State College,Evergreen
Florida State University,https://www.google.com/search?q=job+outcomes+Florida+State+University,Florida State University,FSU
Franklin and Marshall College,https://www.google.com/search?q=job+outcomes+Franklin+and+Marshall+College,Franklin and Marshall College,F&M
Furman University,https://www.google.com/search?q=job+outcomes+Furman+University,Furman University,Furman
Grinnell College,https://www.google.com/search?q=job+outcomes+Grinnell+College,Grinnell College,Grinnell
Hamilton College,https://www.google.com/search?q=job+outcomes+Hamilton+College,Hamilton College,Hamilton
Hobart William Smith Colleges,https://www.google.com/search?q=job+outcomes+Hobart+William+Smith+Colleges,Hobart and William Smith Colleges,Hobart
Hofstra University,https://www.google.com/search?q=job+outcomes+Hofstra+University,Hofstra University,Hofstra
Holy Names University,https://www.google.com/search?q=job+outcomes+Holy+Names+University,Holy Names University,Names
University of Idaho,https://www.google.com/search?q=job+outcomes+University+of+Idaho,University of Idaho,University Idaho
University of Illinois Chicago,https://www.google.com/search?q=job+outcomes+University+of+Illinois+Chicago,University of Illinois at Chicago,UIC
Imperial College London,https://www.google.com/search?q=job+outcomes+Imperial+College+London,Imperial College London,ICL
University of Iowa,https://www.google.com/search?q=job+outcomes+University+of+Iowa,University of Iowa,UI
James Madison University,https://www.google.com/search?q=job+outcomes+James+Madison+University,James Madison University,JMU
Kansas State University,https://www.google.com/search?q=job+outcomes+Kansas+State+University,Kansas State University,K-State
University of Kansas,https://www.google.com/search?q=job+outcomes+University+of+Kansas,University of Kansas,KU
Kingston University,https://www.google.com/search?q=job+outcomes+Kingston+University,Kingston University,Kingston
University of La Verne,https://www.google.com/search?q=job+outcomes+University+of+La+Verne,University of La Verne,La Verne
Lafayette College,https://www.google.com/search?q=job+outcomes+Lafayette+College,Lafayette College,Lafayette
Laguna College of Art and Design,https://www.google.com/search?q=job+outcomes+Laguna+College+of+Art+and+Design,Laguna College of Art and Design,Laguna
Lake Forest College,https://www.google.com/search?q=job+outcomes+Lake+Forest+College,Lake Forest College,Lake Forest
Lawrence University,https://www.google.com/search?q=job+outcomes+Lawrence+University,Lawrence University,Lawrence
Loyola University Maryland,https://www.google.com/search?q=job+outcomes+Loyola+University+Maryland,Loyola University Maryland,LUM
Loyola University New Orleans,https://www.google.com/search?q=job+outcomes+Loyola+University+New+Orleans,Loyola University New Orleans,LUNO
Maine Maritime Academy,https://www.google.com/search?q=job+outcomes+Maine+Maritime+Academy,Maine Maritime Academy,MMA
University of Maine,https://www.google.com/search?q=job+outcomes+University+of+Maine,University of Maine,UMaine
Massachusetts College of Art and Design,https://www.google.com/search?q=job+outcomes+Massachusetts+College+of+Art+and+Design,Massachusetts College of Art and Design,MCAD
University of Massachusetts- Boston,https://www.google.com/search?q=job+outcomes+University+of+Massachusetts-+Boston,University of Massachusetts-Boston,UMass Boston
Merrimack College,https://www.google.com/search?q=job+outcomes+Merrimack+College,Merrimack College,Merrimack
University of Miami,https://www.google.com/search?q=job+outcomes+University+of+Miami,University of Miami,UM
University of Missouri-Columbia,https://www.google.com/search?q=job+outcomes+University+of+Missouri-Columbia,University of Missouri - Columbia,Mizzou
Monash University,https://www.google.com/search?q=job+outcomes+Monash+University,Monash University - Australia,Monash
Monmouth University,https://www.google.com/search?q=job+outcomes+Monmouth+University,Monmouth University,Monmouth
Montana State University,https://www.google.com/search?q=job+outcomes+Montana+State+University,Montana State University,Montana State
University of Montana,https://www.google.com/search?q=job+outcomes+The+University+of+Montana,University of Montana,UMT
Muhlenberg College,https://www.google.com/search?q=job+outcomes+Muhlenberg+College,Muhlenberg College,Muhlenberg
University of Nebraska-Lincoln,https://www.google.com/search?q=job+outcomes+University+of+Nebraska-Lincoln,University of Nebraska-Lincoln,UNL
University of Nevada-Las Vegas,https://www.google.com/search?q=job+outcomes+University+of+Nevada-Las+Vegas,University of Nevada-Las Vegas,UNLV
University of New Hampshire,https://www.google.com/search?q=job+outcomes+University+of+New+Hampshire,University of New Hampshire,UNH
North Carolina A & T State University,https://www.google.com/search?q=job+outcomes+North+Carolina+A+&+T+State+University,North Carolina A & T State University,NCATSU
University of North Carolina at Greensboro,https://www.google.com/search?q=job+outcomes+University+of+North+Carolina+at+Greensboro,University of North Carolina at Greensboro,University North
North Carolina State University at Raleigh,https://www.google.com/search?q=job+outcomes+North+Carolina+State+University+at+Raleigh,North Carolina State University,NCSU
University of Northern Colorado,https://www.google.com/search?q=job+outcomes+University+of+Northern+Colorado,University of Northern Colorado,University Northern
Nova Southeastern University,https://www.google.com/search?q=job+outcomes+Nova+Southeastern+University,Nova Southeastern University,Nova
Oberlin Conservatory of Music,https://www.google.com/search?q=job+outcomes+The+Oberlin+Conservatory+of+Music,Oberlin Conservatory of Music,Oberlin-2
Ohio University Main Campus,https://www.google.com/search?q=job+outcomes+Ohio+University+Main+Campus,Ohio University,Ohio
Ohio Wesleyan University,https://www.google.com/search?q=job+outcomes+Ohio+Wesleyan+University,Ohio Wesleyan University,OWU
University of Oklahoma- Norman Campus,https://www.google.com/search?q=job+outcomes+University+of+Oklahoma-+Norman+Campus,University of Oklahoma,OU
Franklin W Olin College of Engineering,https://www.google.com/search?q=job+outcomes+Franklin+W+Olin+College+of+Engineering,Olin College of Engineering,Olin College
Orange Coast College,https://www.google.com/search?q=job+outcomes+Orange+Coast+College,Orange Coast College,Orange
Otis College of Art and Design,https://www.google.com/search?q=job+outcomes+Otis+College+of+Art+and+Design,Otis College of Art and Design,Otis
Pacific Lutheran University,https://www.google.com/search?q=job+outcomes+Pacific+Lutheran+University,Pacific Lutheran University,PLU
University of Pittsburgh,https://www.google.com/search?q=job+outcomes+University+of+Pittsburgh,University of Pittsburgh,Pitt
Providence College,https://www.google.com/search?q=job+outcomes+Providence+College,Providence College,Providence
Queen's University,https://www.google.com/search?q=job+outcomes+Queen's+University,Queen's University - Canada,Queens
Quinnipiac University,https://www.google.com/search?q=job+outcomes+Quinnipiac+University,Quinnipiac University,Quinnipiac
Regis University,https://www.google.com/search?q=job+outcomes+Regis+University,Regis University,Regis
University of Rhode Island,https://www.google.com/search?q=job+outcomes+University+of+Rhode+Island,University of Rhode Island,URI
Rhodes College,https://www.google.com/search?q=job+outcomes+Rhodes+College,Rhodes College,Rhodes
Rowan University,https://www.google.com/search?q=job+outcomes+Rowan+University,Rowan University,Rowan
Sacred Heart University,https://www.google.com/search?q=job+outcomes+Sacred+Heart+University,Sacred Heart University,Sacred
Saint Louis University,https://www.google.com/search?q=job+outcomes+Saint+Louis+University,Saint Louis University,SLU
Saint Mary's College,https://www.google.com/search?q=job+outcomes+Saint+Mary's+College,Saint Mary's College Notre Dame,Notre Dame
Salisbury University,https://www.google.com/search?q=job+outcomes+Salisbury+University,Salisbury University,Salisbury
Salve Regina University,https://www.google.com/search?q=job+outcomes+Salve+Regina+University,Salve Regina University,Salve
Savannah College of Art and Design - Atlanta,https://www.google.com/search?q=job+outcomes+Savannah+College+of+Art+and+Design+-+Atlanta,Savannah College of Art and Design - Atlanta,Savannah-2
School of the Art Institute of Chicago,https://www.google.com/search?q=job+outcomes+School+of+the+Art+Institute+of+Chicago,School of the Art Institute of Chicago,SAIC
School of Visual Arts,https://www.google.com/search?q=job+outcomes+School+of+Visual+Arts,School of the Visual Arts,SVA
Claremont Colleges (Scripps College),https://www.google.com/search?q=job+outcomes+Scripps+College,Claremont Colleges,Claremont5
Seattle Pacific University,https://www.google.com/search?q=job+outcomes+Seattle+Pacific+University,Seattle Pacific University,SPU
Seton Hall University,https://www.google.com/search?q=job+outcomes+Seton+Hall+University,Seton Hall University,Seton
Simmons University,https://www.google.com/search?q=job+outcomes+Simmons+University,Simmons University,Simmons
Soka University of America,https://www.google.com/search?q=job+outcomes+Soka+University+of+America,Soka University of America,Soka
Southern Illinois University- Carbondale,https://www.google.com/search?q=job+outcomes+Southern+Illinois+University-+Carbondale,Southern Illinois University-Carbondale,SIU
University of Southern Maine,https://www.google.com/search?q=job+outcomes+University+of+Southern+Maine,University of Southern Maine,USM-2
Southwestern University,https://www.google.com/search?q=job+outcomes+Southwestern+University,Southwestern University,SWU
St Olaf College,https://www.google.com/search?q=job+outcomes+St+Olaf+College,St. Olaf College,Olaf
University of St. Thomas (MN),https://www.google.com/search?q=job+outcomes+University+of+St.+Thomas+(MN),University of St Thomas (MN),USTMN
Stony Brook University,https://www.google.com/search?q=job+outcomes+Stony+Brook+University,Stony Brook University,SUNY Stony Brook
Suffolk University,https://www.google.com/search?q=job+outcomes+Suffolk+University,Suffolk University,Suffolk
Temple University,https://www.google.com/search?q=job+outcomes+Temple+University,Temple University,Temple
Texas A & M University,https://www.google.com/search?q=job+outcomes+Texas+A+&+M+University++Commerce,West Texas A and M University,WTAMU
Texas Tech University,https://www.google.com/search?q=job+outcomes+Texas+Tech+University,Texas Tech University,TTU
University of Texas at Arlington,https://www.google.com/search?q=job+outcomes+The+University+of+Texas+at+Arlington,University of Texas at Arlington,UTA
University of Toronto,https://www.google.com/search?q=job+outcomes+University+of+Toronto,University of Toronto,U of T
Trinity College,https://www.google.com/search?q=job+outcomes+Trinity+College,Trinity College,Trinity-US
Union College (NY),https://www.google.com/search?q=job+outcomes+Union+College+(NY),Union College,Union
University of Aberdeen,https://www.google.com/search?q=job+outcomes+University+of+Aberdeen,University of Aberdeen,Aberdeen
University of British Columbia Okanagan,https://www.google.com/search?q=job+outcomes+University+of+British+Columbia+Okanagan,University of British Columbia Okanagan,UBC-2
University of Glasgow,https://www.google.com/search?q=job+outcomes+University+of+Glasgow,University of Glasgow,Glasgow
University of Oregon - Clark Honors College,https://www.google.com/search?q=job+outcomes+University+of+Oregon+-+Clark+Honors+College,University of Oregon - Clark Honors College,UO-CHC
University of Oxford,https://www.google.com/search?q=job+outcomes+University+of+Oxford,University of Oxford,Oxford
University of the Arts London,https://www.google.com/search?q=job+outcomes+University+of+the+Arts+London,University of the Arts London,UAL
Utah State University,https://www.google.com/search?q=job+outcomes+Utah+State+University,Utah State University,USU
Virginia Polytechnic Institute and State University,https://www.google.com/search?q=job+outcomes+Virginia+Polytechnic+Institute+and+State+University,Virginia Polytechnic Institute and State University,Virginia Tech
Washington College,https://www.google.com/search?q=job+outcomes+Washington+College,Washington College,WC
Webb Institute,https://www.google.com/search?q=job+outcomes+Webb+Institute,Webb Institute,Webb
West Virginia University,https://www.google.com/search?q=job+outcomes+West+Virginia+University,West Virginia University,WVU
Western Michigan University,https://www.google.com/search?q=job+outcomes+Western+Michigan+University,Western Michigan University,WMU
Western Oregon University,https://www.google.com/search?q=job+outcomes+Western+Oregon+University,Western Oregon University,WOU
Wheaton College - Massachusetts,https://www.google.com/search?q=job+outcomes+Wheaton+College+-+Massachusetts,Wheaton College,Wheaton
University of Wyoming,https://www.google.com/search?q=job+outcomes+University+of+Wyoming,University of Wyoming,UWYO
Xavier University,https://www.google.com/search?q=job+outcomes+Xavier+University,Xavier University,Xavier
Univerisity of Silicon Valley,https://www.google.com/search?q=job+outcomes+Univerisity+of+Silicon+Valley,University of Silicon Valley,USV
University of District of Columbia,https://www.google.com/search?q=job+outcomes+University+of+District+of+Columbia,University of District of Columbia,UDC
Landmark College,https://www.google.com/search?q=job+outcomes+Landmark+College,Landmark College,Landmark
