Piedmont Matriculation,Job Outcomes,,,,,,,,,,
University of Pennsylvania (ED),https://www.google.com/search?q=job+outcomes+University+of+Pennsylvania+(ED),,,,,,,,,,
Princeton University,https://www.google.com/search?q=job+outcomes+Princeton+University,,,,,,,,,,
Columbia University in the City of New York,https://www.google.com/search?q=job+outcomes+Columbia+University+in+the+City+of+New+York,,,,,,,,,,
Massachusetts Institute of Technology,https://www.google.com/search?q=job+outcomes+Massachusetts+Institute+of+Technology,,,,,,,,,,
Harvard University,https://www.google.com/search?q=job+outcomes+Harvard+University,,,,,,,,,,
Stanford University,https://www.google.com/search?q=job+outcomes+Stanford+University,,,,,,,,,,
Missouri University of Science and Technology,https://www.google.com/search?q=job+outcomes+Missouri+University+of+Science+and+Technology,,,,,,,,,,
Claremont McKenna College,https://www.google.com/search?q=job+outcomes+Claremont+McKenna+College,,,,,,,,,,
Yale University,https://www.google.com/search?q=job+outcomes+Yale+University,,,,,,,,,,
Babson College,https://www.google.com/search?q=job+outcomes+Babson+College,,,,,,,,,,
Georgetown University,https://www.google.com/search?q=job+outcomes+Georgetown+University,,,,,,,,,,
Michigan Technological University,https://www.google.com/search?q=job+outcomes+Michigan+Technological+University,,,,,,,,,,
Brigham Young University-Provo,https://www.google.com/search?q=job+outcomes+Brigham+Young+University-Provo,,,,,,,,,,
Lehigh University,https://www.google.com/search?q=job+outcomes+Lehigh+University,,,,,,,,,,
New Jersey Institute of Technology,https://www.google.com/search?q=job+outcomes+New+Jersey+Institute+of+Technology,,,,,,,,,,
Illinois Institute of Technology,https://www.google.com/search?q=job+outcomes+Illinois+Institute+of+Technology,,,,,,,,,,
Duke University,https://www.google.com/search?q=job+outcomes+Duke+University,,,,,,,,,,
Vanderbilt University,https://www.google.com/search?q=job+outcomes+Vanderbilt+University,,,,,,,,,,
Amherst College,https://www.google.com/search?q=job+outcomes+Amherst+College,,,,,,,,,,
Rensselaer Polytechnic Institute,https://www.google.com/search?q=job+outcomes+Rensselaer+Polytechnic+Institute,,,,,,,,,,
Colgate University,https://www.google.com/search?q=job+outcomes+Colgate+University,,,,,,,,,,
Rose-Hulman Institute of Technology,https://www.google.com/search?q=job+outcomes+Rose-Hulman+Institute+of+Technology,,,,,,,,,,
University of Notre Dame,https://www.google.com/search?q=job+outcomes+University+of+Notre+Dame,,,,,,,,,,
California Institute of Technology,https://www.google.com/search?q=job+outcomes+California+Institute+of+Technology,,,,,,,,,,
Davidson College,https://www.google.com/search?q=job+outcomes+Davidson+College,,,,,,,,,,
Colby College,https://www.google.com/search?q=job+outcomes+Colby+College,,,,,,,,,,
Villanova University,https://www.google.com/search?q=job+outcomes+Villanova+University,,,,,,,,,,
Stevens Institute of Technology,https://www.google.com/search?q=job+outcomes+Stevens+Institute+of+Technology,,,,,,,,,,
George Washington University,https://www.google.com/search?q=job+outcomes+George+Washington+University,,,,,,,,,,
Dartmouth College,https://www.google.com/search?q=job+outcomes+Dartmouth+College,,,,,,,,,,
South Dakota School of Mines and Technology,https://www.google.com/search?q=job+outcomes+South+Dakota+School+of+Mines+and+Technology,,,,,,,,,,
University of Washington - Tacoma,https://www.google.com/search?q=job+outcomes+University+of+Washington+-+Tacoma,,,,,,,,,,
Ohio Northern University,https://www.google.com/search?q=job+outcomes+Ohio+Northern+University,,,,,,,,,,
Washington and Lee University,https://www.google.com/search?q=job+outcomes+Washington+and+Lee+University,,,,,,,,,,
University of Florida,https://www.google.com/search?q=job+outcomes+University+of+Florida,,,,,,,,,,
University of Utah,https://www.google.com/search?q=job+outcomes+University+of+Utah,,,,,,,,,,
Wake Forest University,https://www.google.com/search?q=job+outcomes+Wake+Forest+University,,,,,,,,,,
Georgia Institute of Technology,https://www.google.com/search?q=job+outcomes+Georgia+Institute+of+Technology,,,,,,,,,,
Washington University in St Louis,https://www.google.com/search?q=job+outcomes+Washington+University+in+St+Louis,,,,,,,,,,
Cornell University,https://www.google.com/search?q=job+outcomes+Cornell+University,,,,,,,,,,
Swarthmore College,https://www.google.com/search?q=job+outcomes+Swarthmore+College,,,,,,,,,,
Thomas Jefferson University,https://www.google.com/search?q=job+outcomes+Thomas+Jefferson+University,,,,,,,,,,
Florida International University,https://www.google.com/search?q=job+outcomes+Florida+International+University,,,,,,,,,,
Drexel University,https://www.google.com/search?q=job+outcomes+Drexel+University,,,,,,,,,,
Boston College,https://www.google.com/search?q=job+outcomes+Boston+College,,,,,,,,,,
Washington State University,https://www.google.com/search?q=job+outcomes+Washington+State+University,,,,,,,,,,
Worcester Polytechnic Institute,https://www.google.com/search?q=job+outcomes+Worcester+Polytechnic+Institute,,,,,,,,,,
Fairfield University,https://www.google.com/search?q=job+outcomes+Fairfield+University,,,,,,,,,,
Northwestern University,https://www.google.com/search?q=job+outcomes+Northwestern+University,,,,,,,,,,
Carnegie Mellon University,https://www.google.com/search?q=job+outcomes+Carnegie+Mellon+University,,,,,,,,,,
University of Southern California,https://www.google.com/search?q=job+outcomes+University+of+Southern+California,,,,,,,,,,
University of Michigan-Ann Arbor,https://www.google.com/search?q=job+outcomes+University+of+Michigan-Ann+Arbor,,,,,,,,,,
California Polytechnic State University San Luis Obispo,https://www.google.com/search?q=job+outcomes+California+Polytechnic+State+University+San+Luis+Obispo,,,,,,,,,,
Bryant University,https://www.google.com/search?q=job+outcomes+Bryant+University,,,,,,,,,,
College of the Holy Cross,https://www.google.com/search?q=job+outcomes+College+of+the+Holy+Cross,,,,,,,,,,
Marquette University,https://www.google.com/search?q=job+outcomes+Marquette+University,,,,,,,,,,
Clemson University,https://www.google.com/search?q=job+outcomes+Clemson+University,,,,,,,,,,
Haverford College,https://www.google.com/search?q=job+outcomes+Haverford+College,,,,,,,,,,
California State University- Northridge,https://www.google.com/search?q=job+outcomes+California+State+University-+Northridge,,,,,,,,,,
Bucknell University,https://www.google.com/search?q=job+outcomes+Bucknell+University,,,,,,,,,,
Harvey Mudd College,https://www.google.com/search?q=job+outcomes+Harvey+Mudd+College,,,,,,,,,,
Brown University,https://www.google.com/search?q=job+outcomes+Brown+University,,,,,,,,,,
University of Chicago,https://www.google.com/search?q=job+outcomes+University+of+Chicago,,,,,,,,,,
Johns Hopkins University,https://www.google.com/search?q=job+outcomes+Johns+Hopkins+University,,,,,,,,,,
Northeastern University,https://www.google.com/search?q=job+outcomes+Northeastern+University,,,,,,,,,,
Rice University,https://www.google.com/search?q=job+outcomes+Rice+University,,,,,,,,,,
Williams College,https://www.google.com/search?q=job+outcomes+Williams+College,,,,,,,,,,
Middlebury College,https://www.google.com/search?q=job+outcomes+Middlebury+College,,,,,,,,,,
Wesleyan University,https://www.google.com/search?q=job+outcomes+Wesleyan+University,,,,,,,,,,
"University of California, San Francisco","https://www.google.com/search?q=job+outcomes+University+of+California,+San+Francisco",,,,,,,,,,
McGill University,https://www.google.com/search?q=job+outcomes+McGill+University,,,,,,,,,,
Tufts University,https://www.google.com/search?q=job+outcomes+Tufts+University,,,,,,,,,,
Pomona College,https://www.google.com/search?q=job+outcomes+Pomona+College,,,,,,,,,,
Case Western Reserve University,https://www.google.com/search?q=job+outcomes+Case+Western+Reserve+University,,,,,,,,,,
William & Mary,https://www.google.com/search?q=job+outcomes+William+&+Mary,,,,,,,,,,
Bowdoin College,https://www.google.com/search?q=job+outcomes+Bowdoin+College,,,,,,,,,,
University of California Berkeley,https://www.google.com/search?q=job+outcomes+University+of+California+Berkeley,,,,,,,,,,
University of Rochester,https://www.google.com/search?q=job+outcomes+University+of+Rochester,,,,,,,,,,
University of Virginia,https://www.google.com/search?q=job+outcomes+University+of+Virginia,,,,,,,,,,
Vassar College,https://www.google.com/search?q=job+outcomes+Vassar+College,,,,,,,,,,
University of California Los Angeles,https://www.google.com/search?q=job+outcomes+University+of+California+Los+Angeles,,,,,,,,,,
University of California Santa Barbara,https://www.google.com/search?q=job+outcomes+University+of+California+Santa+Barbara,,,,,,,,,,
University of California San Diego,https://www.google.com/search?q=job+outcomes+University+of+California+San+Diego,,,,,,,,,,
University of British Columbia,https://www.google.com/search?q=job+outcomes+University+of+British+Columbia,,,,,,,,,,
Boston University,https://www.google.com/search?q=job+outcomes+Boston+University,,,,,,,,,,
Tulane University of Louisiana,https://www.google.com/search?q=job+outcomes+Tulane+University+of+Louisiana,,,,,,,,,,
Fordham University,https://www.google.com/search?q=job+outcomes+Fordham+University,,,,,,,,,,
University of California-Davis,https://www.google.com/search?q=job+outcomes+University+of+California-Davis,,,,,,,,,,
New York University,https://www.google.com/search?q=job+outcomes+New+York+University,,,,,,,,,,
Pepperdine University,https://www.google.com/search?q=job+outcomes+Pepperdine+University,,,,,,,,,,
Brandeis University,https://www.google.com/search?q=job+outcomes+Brandeis+University,,,,,,,,,,
University of Denver,https://www.google.com/search?q=job+outcomes+University+of+Denver,,,,,,,,,,
University of California-Irvine,https://www.google.com/search?q=job+outcomes+University+of+California-Irvine,,,,,,,,,,
Emory University,https://www.google.com/search?q=job+outcomes+Emory+University,,,,,,,,,,
Bryn Mawr College,https://www.google.com/search?q=job+outcomes+Bryn+Mawr+College,,,,,,,,,,
Rutgers University,https://www.google.com/search?q=job+outcomes+Rutgers+University,,,,,,,,,,
University of Washington in Seattle,https://www.google.com/search?q=job+outcomes+University+of+Washington+in+Seattle,,,,,,,,,,
American University,https://www.google.com/search?q=job+outcomes+American+University,,,,,,,,,,
The University of North Carolina at Chapel Hill,https://www.google.com/search?q=job+outcomes+The+University+of+North+Carolina+at+Chapel+Hill,,,,,,,,,,
University of Maryland-College Park,https://www.google.com/search?q=job+outcomes+University+of+Maryland-College+Park,,,,,,,,,,
University of California- Riverside,https://www.google.com/search?q=job+outcomes+University+of+California-+Riverside,,,,,,,,,,
The University of Texas at Austin,https://www.google.com/search?q=job+outcomes+The+University+of+Texas+at+Austin,,,,,,,,,,
Whitman College,https://www.google.com/search?q=job+outcomes+Whitman+College,,,,,,,,,,
Rochester Institute of Technology,https://www.google.com/search?q=job+outcomes+Rochester+Institute+of+Technology,,,,,,,,,,
University of Wisconsin Madison,https://www.google.com/search?q=job+outcomes+University+of+Wisconsin+Madison,,,,,,,,,,
Loyola Marymount University,https://www.google.com/search?q=job+outcomes+Loyola+Marymount+University,,,,,,,,,,
University of San Diego,https://www.google.com/search?q=job+outcomes+University+of+San+Diego,,,,,,,,,,
University of San Francisco,https://www.google.com/search?q=job+outcomes+University+of+San+Francisco,,,,,,,,,,
Arizona State University-Tempe,https://www.google.com/search?q=job+outcomes+Arizona+State+University-Tempe,,,,,,,,,,
The University of Alabama,https://www.google.com/search?q=job+outcomes+The+University+of+Alabama,,,,,,,,,,
University of Vermont,https://www.google.com/search?q=job+outcomes+University+of+Vermont,,,,,,,,,,
Pitzer College,https://www.google.com/search?q=job+outcomes+Pitzer+College,,,,,,,,,,
University of Illinois at Urbana Champaign,https://www.google.com/search?q=job+outcomes+University+of+Illinois+at+Urbana+Champaign,,,,,,,,,,
University of Connecticut,https://www.google.com/search?q=job+outcomes+University+of+Connecticut,,,,,,,,,,
University of Minnesota-Twin Cities,https://www.google.com/search?q=job+outcomes+University+of+Minnesota-Twin+Cities,,,,,,,,,,
University of Oregon,https://www.google.com/search?q=job+outcomes+University+of+Oregon,,,,,,,,,,
Pennsylvania State University (Penn State),https://www.google.com/search?q=job+outcomes+Pennsylvania+State+University+(Penn+State),,,,,,,,,,
Syracuse University,https://www.google.com/search?q=job+outcomes+Syracuse+University,,,,,,,,,,
Denison University,https://www.google.com/search?q=job+outcomes+Denison+University,,,,,,,,,,
University of California-Santa Cruz,https://www.google.com/search?q=job+outcomes+University+of+California-Santa+Cruz,,,,,,,,,,
University of Colorado Boulder,https://www.google.com/search?q=job+outcomes+University+of+Colorado+Boulder,,,,,,,,,,
Seattle University,https://www.google.com/search?q=job+outcomes+Seattle+University,,,,,,,,,,
Willamette University,https://www.google.com/search?q=job+outcomes+Willamette+University,,,,,,,,,,
Gonzaga University,https://www.google.com/search?q=job+outcomes+Gonzaga+University,,,,,,,,,,
University of Portland,https://www.google.com/search?q=job+outcomes+University+of+Portland,,,,,,,,,,
University of Waterloo,https://www.google.com/search?q=job+outcomes+University+of+Waterloo,,,,,,,,,,
University of Redlands,https://www.google.com/search?q=job+outcomes+University+of+Redlands,,,,,,,,,,
University of California-Merced,https://www.google.com/search?q=job+outcomes+University+of+California-Merced,,,,,,,,,,
Santa Clara University,https://www.google.com/search?q=job+outcomes+Santa+Clara+University,,,,,,,,,,
Purdue University,https://www.google.com/search?q=job+outcomes+Purdue+University,,,,,,,,,,
Occidental College,https://www.google.com/search?q=job+outcomes+Occidental+College,,,,,,,,,,
University of Arizona,https://www.google.com/search?q=job+outcomes+University+of+Arizona,,,,,,,,,,
Elon University,https://www.google.com/search?q=job+outcomes+Elon+University,,,,,,,,,,
California State Polytechnic University Pomona,https://www.google.com/search?q=job+outcomes+California+State+Polytechnic+University+Pomona,,,,,,,,,,
George Mason University,https://www.google.com/search?q=job+outcomes+George+Mason+University,,,,,,,,,,
San Jose State University,https://www.google.com/search?q=job+outcomes+San+Jose+State+University,,,,,,,,,,
California State University- Long Beach,https://www.google.com/search?q=job+outcomes+California+State+University-+Long+Beach,,,,,,,,,,
California State University- Fullerton,https://www.google.com/search?q=job+outcomes+California+State+University-+Fullerton,,,,,,,,,,
California State University- Los Angeles,https://www.google.com/search?q=job+outcomes+California+State+University-+Los+Angeles,,,,,,,,,,
Whittier College,https://www.google.com/search?q=job+outcomes+Whittier+College,,,,,,,,,,
San Diego State University,https://www.google.com/search?q=job+outcomes+San+Diego+State+University,,,,,,,,,,
California State University-Chico,https://www.google.com/search?q=job+outcomes+California+State+University-Chico,,,,,,,,,,
California State University-East Bay,https://www.google.com/search?q=job+outcomes+California+State+University-East+Bay,,,,,,,,,,
San Francisco State University,https://www.google.com/search?q=job+outcomes+San+Francisco+State+University,,,,,,,,,,
Sonoma State University,https://www.google.com/search?q=job+outcomes+Sonoma+State+University,,,,,,,,,,
California State University- Monterey Bay,https://www.google.com/search?q=job+outcomes+California+State+University-+Monterey+Bay,,,,,,,,,,
California State University- Sacramento,https://www.google.com/search?q=job+outcomes+California+State+University-+Sacramento,,,,,,,,,,
Cal Poly Humboldt,https://www.google.com/search?q=job+outcomes+Cal+Poly+Humboldt,,,,,,,,,,
Northern Arizona University,https://www.google.com/search?q=job+outcomes+Northern+Arizona+University,,,,,,,,,,
Diablo Valley College,https://www.google.com/search?q=job+outcomes+Diablo+Valley+College,,,,,,,,,,
Notre Dame de Namur University,https://www.google.com/search?q=job+outcomes+Notre+Dame+de+Namur+University,,,,,,,,,,
Yonsei University Underwood,https://www.google.com/search?q=job+outcomes+Yonsei+University+Underwood,,,,,,,,,,
Saint Mary's College of California,https://www.google.com/search?q=job+outcomes+Saint+Mary's+College+of+California,,,,,,,,,,
Berkeley City College,https://www.google.com/search?q=job+outcomes+Berkeley+City+College,,,,,,,,,,
Connecticut College,https://www.google.com/search?q=job+outcomes+Connecticut+College,,,,,,,,,,
Indiana University Bloomington,https://www.google.com/search?q=job+outcomes+Indiana+University+Bloomington,,,,,,,,,,
Smith College,https://www.google.com/search?q=job+outcomes+Smith+College,,,,,,,,,,
Chapman University,https://www.google.com/search?q=job+outcomes+Chapman+University,,,,,,,,,,
Colorado College,https://www.google.com/search?q=job+outcomes+Colorado+College,,,,,,,,,,
Kenyon College,https://www.google.com/search?q=job+outcomes+Kenyon+College,,,,,,,,,,
Southern Methodist University,https://www.google.com/search?q=job+outcomes+Southern+Methodist+University,,,,,,,,,,
The New School,https://www.google.com/search?q=job+outcomes+The+New+School,,,,,,,,,,
Baylor University,https://www.google.com/search?q=job+outcomes+Baylor+University,,,,,,,,,,
Carleton College,https://www.google.com/search?q=job+outcomes+Carleton+College,,,,,,,,,,
Chabot College,https://www.google.com/search?q=job+outcomes+Chabot+College,,,,,,,,,,
Colorado State University-Fort Collins,https://www.google.com/search?q=job+outcomes+Colorado+State+University-Fort+Collins,,,,,,,,,,
University of Hawaii at Manoa,https://www.google.com/search?q=job+outcomes+University+of+Hawaii+at+Manoa,,,,,,,,,,
Lewis & Clark College,https://www.google.com/search?q=job+outcomes+Lewis+&+Clark+College,,,,,,,,,,
Mount Holyoke College,https://www.google.com/search?q=job+outcomes+Mount+Holyoke+College,,,,,,,,,,
Oberlin College,https://www.google.com/search?q=job+outcomes+Oberlin+College,,,,,,,,,,
University of the Pacific,https://www.google.com/search?q=job+outcomes+University+of+the+Pacific,,,,,,,,,,
Reed College,https://www.google.com/search?q=job+outcomes+Reed+College,,,,,,,,,,
University of Richmond,https://www.google.com/search?q=job+outcomes+University+of+Richmond,,,,,,,,,,
Santa Barbara City College,https://www.google.com/search?q=job+outcomes+Santa+Barbara+City+College,,,,,,,,,,
Sarah Lawrence College,https://www.google.com/search?q=job+outcomes+Sarah+Lawrence+College,,,,,,,,,,
Southern Oregon University,https://www.google.com/search?q=job+outcomes+Southern+Oregon+University,,,,,,,,,,
The University of Tennessee- Knoxville,https://www.google.com/search?q=job+outcomes+The+University+of+Tennessee-+Knoxville,,,,,,,,,,
Los Angeles Film School,https://www.google.com/search?q=job+outcomes+Los+Angeles+Film+School,,,,,,,,,,
Ohio State University,https://www.google.com/search?q=job+outcomes+Ohio+State+University,,,,,,,,,,
University of Southern California - School of Cinematic Arts,https://www.google.com/search?q=job+outcomes+University+of+Southern+California+-+School+of+Cinematic+Arts,,,,,,,,,,
Westmont College,https://www.google.com/search?q=job+outcomes+Westmont+College,,,,,,,,,,
The American University of Paris,https://www.google.com/search?q=job+outcomes+The+American+University+of+Paris,,,,,,,,,,
Bard College,https://www.google.com/search?q=job+outcomes+Bard+College,,,,,,,,,,
Barnard College,https://www.google.com/search?q=job+outcomes+Barnard+College,,,,,,,,,,
Bentley University,https://www.google.com/search?q=job+outcomes+Bentley+University,,,,,,,,,,
Cabrillo College,https://www.google.com/search?q=job+outcomes+Cabrillo+College,,,,,,,,,,
California College of the Arts,https://www.google.com/search?q=job+outcomes+California+College+of+the+Arts,,,,,,,,,,
"University of California, Los Angeles Extension","https://www.google.com/search?q=job+outcomes+University+of+California,+Los+Angeles+Extension",,,,,,,,,,
University of Central Florida,https://www.google.com/search?q=job+outcomes+University+of+Central+Florida,,,,,,,,,,
Colorado School of Mines,https://www.google.com/search?q=job+outcomes+Colorado+School+of+Mines,,,,,,,,,,
Delgado Community College,https://www.google.com/search?q=job+outcomes+Delgado+Community+College,,,,,,,,,,
DePaul University,https://www.google.com/search?q=job+outcomes+DePaul+University,,,,,,,,,,
Emerson College,https://www.google.com/search?q=job+outcomes+Emerson+College,,,,,,,,,,
FIDM-Fashion Institute of Design & Merchandising Los Angeles,https://www.google.com/search?q=job+outcomes+FIDM-Fashion+Institute+of+Design+&+Merchandising+Los+Angeles,,,,,,,,,,
Fashion Institute of Technology,https://www.google.com/search?q=job+outcomes+Fashion+Institute+of+Technology,,,,,,,,,,
Fort Lewis College,https://www.google.com/search?q=job+outcomes+Fort+Lewis+College,,,,,,,,,,
Georgia State University,https://www.google.com/search?q=job+outcomes+Georgia+State+University,,,,,,,,,,
University of Georgia,https://www.google.com/search?q=job+outcomes+University+of+Georgia,,,,,,,,,,
Gettysburg College,https://www.google.com/search?q=job+outcomes+Gettysburg+College,,,,,,,,,,
Goucher College,https://www.google.com/search?q=job+outcomes+Goucher+College,,,,,,,,,,
University of Hawaii at Hilo,https://www.google.com/search?q=job+outcomes+University+of+Hawaii+at+Hilo,,,,,,,,,,
Hawaii Pacific University,https://www.google.com/search?q=job+outcomes+Hawaii+Pacific+University,,,,,,,,,,
Howard University,https://www.google.com/search?q=job+outcomes+Howard+University,,,,,,,,,,
Las Positas College,https://www.google.com/search?q=job+outcomes+Las+Positas+College,,,,,,,,,,
Los Angeles Recording Workshop,https://www.google.com/search?q=job+outcomes+Los+Angeles+Recording+Workshop,,,,,,,,,,
Louisiana State University,https://www.google.com/search?q=job+outcomes+Louisiana+State+University,,,,,,,,,,
Loyola University Chicago,https://www.google.com/search?q=job+outcomes+Loyola+University+Chicago,,,,,,,,,,
Macalester College,https://www.google.com/search?q=job+outcomes+Macalester+College,,,,,,,,,,
Marist College,https://www.google.com/search?q=job+outcomes+Marist+College,,,,,,,,,,
University of Massachusetts- Amherst,https://www.google.com/search?q=job+outcomes+University+of+Massachusetts-+Amherst,,,,,,,,,,
Menlo College,https://www.google.com/search?q=job+outcomes+Menlo+College,,,,,,,,,,
"Miami University, Oxford","https://www.google.com/search?q=job+outcomes+Miami+University,+Oxford",,,,,,,,,,
Michigan State University,https://www.google.com/search?q=job+outcomes+Michigan+State+University,,,,,,,,,,
Mills College,https://www.google.com/search?q=job+outcomes+Mills+College,,,,,,,,,,
University of Nevada-Reno,https://www.google.com/search?q=job+outcomes+University+of+Nevada-Reno,,,,,,,,,,
Norwich University,https://www.google.com/search?q=job+outcomes+Norwich+University,,,,,,,,,,
Oregon State University,https://www.google.com/search?q=job+outcomes+Oregon+State+University,,,,,,,,,,
Portland State University,https://www.google.com/search?q=job+outcomes+Portland+State+University,,,,,,,,,,
Pratt Institute-Main,https://www.google.com/search?q=job+outcomes+Pratt+Institute-Main,,,,,,,,,,
University of Puget Sound,https://www.google.com/search?q=job+outcomes+University+of+Puget+Sound,,,,,,,,,,
Rhode Island School of Design,https://www.google.com/search?q=job+outcomes+Rhode+Island+School+of+Design,,,,,,,,,,
Santa Monica College,https://www.google.com/search?q=job+outcomes+Santa+Monica+College,,,,,,,,,,
Savannah College of Art & Design - SCAD,https://www.google.com/search?q=job+outcomes+Savannah+College+of+Art+&+Design+-+SCAD,,,,,,,,,,
Sciences Po - UC Berkeley Dual Degree,https://www.google.com/search?q=job+outcomes+Sciences+Po+-+UC+Berkeley+Dual+Degree,,,,,,,,,,
Skidmore College,https://www.google.com/search?q=job+outcomes+Skidmore+College,,,,,,,,,,
University of South Carolina Columbia,https://www.google.com/search?q=job+outcomes+University+of+South+Carolina+Columbia,,,,,,,,,,
Spelman College,https://www.google.com/search?q=job+outcomes+Spelman+College,,,,,,,,,,
St. John's College,https://www.google.com/search?q=job+outcomes+St.+John's+College,,,,,,,,,,
St. Lawrence University,https://www.google.com/search?q=job+outcomes+St.+Lawrence+University,,,,,,,,,,
Texas A & M University College Station,https://www.google.com/search?q=job+outcomes+Texas+A+&+M+University+College+Station,,,,,,,,,,
Texas Christian University,https://www.google.com/search?q=job+outcomes+Texas+Christian+University,,,,,,,,,,
Trinity College Dublin,https://www.google.com/search?q=job+outcomes+Trinity+College+Dublin,,,,,,,,,,
The University of Edinburgh,https://www.google.com/search?q=job+outcomes+The+University+of+Edinburgh,,,,,,,,,,
University of St Andrews,https://www.google.com/search?q=job+outcomes+University+of+St+Andrews,,,,,,,,,,
UNSW Sydney,https://www.google.com/search?q=job+outcomes+UNSW+Sydney,,,,,,,,,,
Weber State University,https://www.google.com/search?q=job+outcomes+Weber+State+University,,,,,,,,,,
Wellesley College,https://www.google.com/search?q=job+outcomes+Wellesley+College,,,,,,,,,,
Wesleyan College,https://www.google.com/search?q=job+outcomes+Wesleyan+College,,,,,,,,,,
Western Washington University,https://www.google.com/search?q=job+outcomes+Western+Washington+University,,,,,,,,,,
Woodbury University,https://www.google.com/search?q=job+outcomes+Woodbury+University,,,,,,,,,,
University of Aarhus,https://www.google.com/search?q=job+outcomes+University+of+Aarhus,,,,,,,,,,
Agnes Scott College,https://www.google.com/search?q=job+outcomes+Agnes+Scott+College,,,,,,,,,,
Allegheny College,https://www.google.com/search?q=job+outcomes+Allegheny+College,,,,,,,,,,
Auburn University,https://www.google.com/search?q=job+outcomes+Auburn+University,,,,,,,,,,
Augustana College,https://www.google.com/search?q=job+outcomes+Augustana+College,,,,,,,,,,
Azusa Pacific University,https://www.google.com/search?q=job+outcomes+Azusa+Pacific+University,,,,,,,,,,
Bates College,https://www.google.com/search?q=job+outcomes+Bates+College,,,,,,,,,,
Berklee College of Music,https://www.google.com/search?q=job+outcomes+Berklee+College+of+Music,,,,,,,,,,
Berry College,https://www.google.com/search?q=job+outcomes+Berry+College,,,,,,,,,,
Binghamton University,https://www.google.com/search?q=job+outcomes+Binghamton+University,,,,,,,,,,
Biola University,https://www.google.com/search?q=job+outcomes+Biola+University,,,,,,,,,,
Boise State University,https://www.google.com/search?q=job+outcomes+Boise+State+University,,,,,,,,,,
Bradley University,https://www.google.com/search?q=job+outcomes+Bradley+University,,,,,,,,,,
University of Bridgeport,https://www.google.com/search?q=job+outcomes+University+of+Bridgeport,,,,,,,,,,
Butler University,https://www.google.com/search?q=job+outcomes+Butler+University,,,,,,,,,,
California State University - Maritime Academy,https://www.google.com/search?q=job+outcomes+California+State+University+-+Maritime+Academy,,,,,,,,,,
California Institute of the Arts,https://www.google.com/search?q=job+outcomes+California+Institute+of+the+Arts,,,,,,,,,,
California Lutheran University,https://www.google.com/search?q=job+outcomes+California+Lutheran+University,,,,,,,,,,
California State University- Channel Islands,https://www.google.com/search?q=job+outcomes+California+State+University-+Channel+Islands,,,,,,,,,,
UC Davis Continuing and Professional Education,https://www.google.com/search?q=job+outcomes+UC+Davis+Continuing+and+Professional+Education,,,,,,,,,,
Capitol Technology University,https://www.google.com/search?q=job+outcomes+Capitol+Technology+University,,,,,,,,,,
Central Washington University,https://www.google.com/search?q=job+outcomes+Central+Washington+University,,,,,,,,,,
College of Charleston,https://www.google.com/search?q=job+outcomes+College+of+Charleston,,,,,,,,,,
University of Cincinnati,https://www.google.com/search?q=job+outcomes+University+of+Cincinnati,,,,,,,,,,
Clark University,https://www.google.com/search?q=job+outcomes+Clark+University,,,,,,,,,,
University of Colorado Denver,https://www.google.com/search?q=job+outcomes+University+of+Colorado+Denver,,,,,,,,,,
Colorado Mesa University,https://www.google.com/search?q=job+outcomes+Colorado+Mesa+University,,,,,,,,,,
Columbia College,https://www.google.com/search?q=job+outcomes+Columbia+College,,,,,,,,,,
Cooper Union for the Advancement of Science and Art,https://www.google.com/search?q=job+outcomes+Cooper+Union+for+the+Advancement+of+Science+and+Art,,,,,,,,,,
University of Copenhagen,https://www.google.com/search?q=job+outcomes+University+of+Copenhagen,,,,,,,,,,
Creighton University,https://www.google.com/search?q=job+outcomes+Creighton+University,,,,,,,,,,
University of Dallas,https://www.google.com/search?q=job+outcomes+University+of+Dallas,,,,,,,,,,
University of Delaware,https://www.google.com/search?q=job+outcomes+University+of+Delaware,,,,,,,,,,
Dickinson College,https://www.google.com/search?q=job+outcomes+Dickinson+College,,,,,,,,,,
Dominican University New York,https://www.google.com/search?q=job+outcomes+Dominican+University+New+York,,,,,,,,,,
Dominican University of California,https://www.google.com/search?q=job+outcomes+Dominican+University+of+California,,,,,,,,,,
University College Dublin,https://www.google.com/search?q=job+outcomes+University+College+Dublin,,,,,,,,,,
Eastern Connecticut State University,https://www.google.com/search?q=job+outcomes+Eastern+Connecticut+State+University,,,,,,,,,,
Eastern Washington University,https://www.google.com/search?q=job+outcomes+Eastern+Washington+University,,,,,,,,,,
Eckerd College,https://www.google.com/search?q=job+outcomes+Eckerd+College,,,,,,,,,,
Emmanuel College,https://www.google.com/search?q=job+outcomes+Emmanuel+College,,,,,,,,,,
The Evergreen State College,https://www.google.com/search?q=job+outcomes+The+Evergreen+State+College,,,,,,,,,,
Florida State University,https://www.google.com/search?q=job+outcomes+Florida+State+University,,,,,,,,,,
Franklin and Marshall College,https://www.google.com/search?q=job+outcomes+Franklin+and+Marshall+College,,,,,,,,,,
Furman University,https://www.google.com/search?q=job+outcomes+Furman+University,,,,,,,,,,
Grinnell College,https://www.google.com/search?q=job+outcomes+Grinnell+College,,,,,,,,,,
Hamilton College,https://www.google.com/search?q=job+outcomes+Hamilton+College,,,,,,,,,,
Hobart William Smith Colleges,https://www.google.com/search?q=job+outcomes+Hobart+William+Smith+Colleges,,,,,,,,,,
Hofstra University,https://www.google.com/search?q=job+outcomes+Hofstra+University,,,,,,,,,,
Holy Names University,https://www.google.com/search?q=job+outcomes+Holy+Names+University,,,,,,,,,,
University of Idaho,https://www.google.com/search?q=job+outcomes+University+of+Idaho,,,,,,,,,,
University of Illinois Chicago,https://www.google.com/search?q=job+outcomes+University+of+Illinois+Chicago,,,,,,,,,,
Imperial College London,https://www.google.com/search?q=job+outcomes+Imperial+College+London,,,,,,,,,,
University of Iowa,https://www.google.com/search?q=job+outcomes+University+of+Iowa,,,,,,,,,,
James Madison University,https://www.google.com/search?q=job+outcomes+James+Madison+University,,,,,,,,,,
Kansas State University,https://www.google.com/search?q=job+outcomes+Kansas+State+University,,,,,,,,,,
University of Kansas,https://www.google.com/search?q=job+outcomes+University+of+Kansas,,,,,,,,,,
Kingston University,https://www.google.com/search?q=job+outcomes+Kingston+University,,,,,,,,,,
University of La Verne,https://www.google.com/search?q=job+outcomes+University+of+La+Verne,,,,,,,,,,
Lafayette College,https://www.google.com/search?q=job+outcomes+Lafayette+College,,,,,,,,,,
Laguna College of Art and Design,https://www.google.com/search?q=job+outcomes+Laguna+College+of+Art+and+Design,,,,,,,,,,
Lake Forest College,https://www.google.com/search?q=job+outcomes+Lake+Forest+College,,,,,,,,,,
Lawrence University,https://www.google.com/search?q=job+outcomes+Lawrence+University,,,,,,,,,,
Loyola University Maryland,https://www.google.com/search?q=job+outcomes+Loyola+University+Maryland,,,,,,,,,,
Loyola University New Orleans,https://www.google.com/search?q=job+outcomes+Loyola+University+New+Orleans,,,,,,,,,,
Maine Maritime Academy,https://www.google.com/search?q=job+outcomes+Maine+Maritime+Academy,,,,,,,,,,
University of Maine,https://www.google.com/search?q=job+outcomes+University+of+Maine,,,,,,,,,,
Massachusetts College of Art and Design,https://www.google.com/search?q=job+outcomes+Massachusetts+College+of+Art+and+Design,,,,,,,,,,
University of Massachusetts- Boston,https://www.google.com/search?q=job+outcomes+University+of+Massachusetts-+Boston,,,,,,,,,,
Merrimack College,https://www.google.com/search?q=job+outcomes+Merrimack+College,,,,,,,,,,
University of Miami,https://www.google.com/search?q=job+outcomes+University+of+Miami,,,,,,,,,,
University of Missouri-Columbia,https://www.google.com/search?q=job+outcomes+University+of+Missouri-Columbia,,,,,,,,,,
Monash University,https://www.google.com/search?q=job+outcomes+Monash+University,,,,,,,,,,
Monmouth University,https://www.google.com/search?q=job+outcomes+Monmouth+University,,,,,,,,,,
Montana State University,https://www.google.com/search?q=job+outcomes+Montana+State+University,,,,,,,,,,
The University of Montana,https://www.google.com/search?q=job+outcomes+The+University+of+Montana,,,,,,,,,,
Muhlenberg College,https://www.google.com/search?q=job+outcomes+Muhlenberg+College,,,,,,,,,,
University of Nebraska-Lincoln,https://www.google.com/search?q=job+outcomes+University+of+Nebraska-Lincoln,,,,,,,,,,
University of Nevada-Las Vegas,https://www.google.com/search?q=job+outcomes+University+of+Nevada-Las+Vegas,,,,,,,,,,
University of New Hampshire,https://www.google.com/search?q=job+outcomes+University+of+New+Hampshire,,,,,,,,,,
North Carolina A & T State University,https://www.google.com/search?q=job+outcomes+North+Carolina+A+&+T+State+University,,,,,,,,,,
University of North Carolina at Greensboro,https://www.google.com/search?q=job+outcomes+University+of+North+Carolina+at+Greensboro,,,,,,,,,,
North Carolina State University at Raleigh,https://www.google.com/search?q=job+outcomes+North+Carolina+State+University+at+Raleigh,,,,,,,,,,
University of Northern Colorado,https://www.google.com/search?q=job+outcomes+University+of+Northern+Colorado,,,,,,,,,,
Nova Southeastern University,https://www.google.com/search?q=job+outcomes+Nova+Southeastern+University,,,,,,,,,,
The Oberlin Conservatory of Music,https://www.google.com/search?q=job+outcomes+The+Oberlin+Conservatory+of+Music,,,,,,,,,,
Ohio University Main Campus,https://www.google.com/search?q=job+outcomes+Ohio+University+Main+Campus,,,,,,,,,,
Ohio Wesleyan University,https://www.google.com/search?q=job+outcomes+Ohio+Wesleyan+University,,,,,,,,,,
University of Oklahoma- Norman Campus,https://www.google.com/search?q=job+outcomes+University+of+Oklahoma-+Norman+Campus,,,,,,,,,,
Franklin W Olin College of Engineering,https://www.google.com/search?q=job+outcomes+Franklin+W+Olin+College+of+Engineering,,,,,,,,,,
Orange Coast College,https://www.google.com/search?q=job+outcomes+Orange+Coast+College,,,,,,,,,,
Otis College of Art and Design,https://www.google.com/search?q=job+outcomes+Otis+College+of+Art+and+Design,,,,,,,,,,
Pacific Lutheran University,https://www.google.com/search?q=job+outcomes+Pacific+Lutheran+University,,,,,,,,,,
University of Pittsburgh,https://www.google.com/search?q=job+outcomes+University+of+Pittsburgh,,,,,,,,,,
Providence College,https://www.google.com/search?q=job+outcomes+Providence+College,,,,,,,,,,
Queen's University,https://www.google.com/search?q=job+outcomes+Queen's+University,,,,,,,,,,
Quinnipiac University,https://www.google.com/search?q=job+outcomes+Quinnipiac+University,,,,,,,,,,
Regis University,https://www.google.com/search?q=job+outcomes+Regis+University,,,,,,,,,,
University of Rhode Island,https://www.google.com/search?q=job+outcomes+University+of+Rhode+Island,,,,,,,,,,
Rhodes College,https://www.google.com/search?q=job+outcomes+Rhodes+College,,,,,,,,,,
Rowan University,https://www.google.com/search?q=job+outcomes+Rowan+University,,,,,,,,,,
Sacred Heart University,https://www.google.com/search?q=job+outcomes+Sacred+Heart+University,,,,,,,,,,
Saint Louis University,https://www.google.com/search?q=job+outcomes+Saint+Louis+University,,,,,,,,,,
Saint Mary's College,https://www.google.com/search?q=job+outcomes+Saint+Mary's+College,,,,,,,,,,
Salisbury University,https://www.google.com/search?q=job+outcomes+Salisbury+University,,,,,,,,,,
Salve Regina University,https://www.google.com/search?q=job+outcomes+Salve+Regina+University,,,,,,,,,,
Savannah College of Art and Design - Atlanta,https://www.google.com/search?q=job+outcomes+Savannah+College+of+Art+and+Design+-+Atlanta,,,,,,,,,,
School of the Art Institute of Chicago,https://www.google.com/search?q=job+outcomes+School+of+the+Art+Institute+of+Chicago,,,,,,,,,,
School of Visual Arts,https://www.google.com/search?q=job+outcomes+School+of+Visual+Arts,,,,,,,,,,
Scripps College,https://www.google.com/search?q=job+outcomes+Scripps+College,,,,,,,,,,
Seattle Pacific University,https://www.google.com/search?q=job+outcomes+Seattle+Pacific+University,,,,,,,,,,
Seton Hall University,https://www.google.com/search?q=job+outcomes+Seton+Hall+University,,,,,,,,,,
Simmons University,https://www.google.com/search?q=job+outcomes+Simmons+University,,,,,,,,,,
Soka University of America,https://www.google.com/search?q=job+outcomes+Soka+University+of+America,,,,,,,,,,
Southern Illinois University- Carbondale,https://www.google.com/search?q=job+outcomes+Southern+Illinois+University-+Carbondale,,,,,,,,,,
University of Southern Maine,https://www.google.com/search?q=job+outcomes+University+of+Southern+Maine,,,,,,,,,,
Southwestern University,https://www.google.com/search?q=job+outcomes+Southwestern+University,,,,,,,,,,
"St Mary's College, Blackburn","https://www.google.com/search?q=job+outcomes+St+Mary's+College,+Blackburn",,,,,,,,,,
St Olaf College,https://www.google.com/search?q=job+outcomes+St+Olaf+College,,,,,,,,,,
University of St. Thomas (MN),https://www.google.com/search?q=job+outcomes+University+of+St.+Thomas+(MN),,,,,,,,,,
Stony Brook University,https://www.google.com/search?q=job+outcomes+Stony+Brook+University,,,,,,,,,,
Suffolk University,https://www.google.com/search?q=job+outcomes+Suffolk+University,,,,,,,,,,
Temple University,https://www.google.com/search?q=job+outcomes+Temple+University,,,,,,,,,,
Texas A & M University  Commerce,https://www.google.com/search?q=job+outcomes+Texas+A+&+M+University++Commerce,,,,,,,,,,
Texas Tech University,https://www.google.com/search?q=job+outcomes+Texas+Tech+University,,,,,,,,,,
The University of Texas at Arlington,https://www.google.com/search?q=job+outcomes+The+University+of+Texas+at+Arlington,,,,,,,,,,
University of Toronto,https://www.google.com/search?q=job+outcomes+University+of+Toronto,,,,,,,,,,
Trinity College,https://www.google.com/search?q=job+outcomes+Trinity+College,,,,,,,,,,
Union College (NY),https://www.google.com/search?q=job+outcomes+Union+College+(NY),,,,,,,,,,
University of Aberdeen,https://www.google.com/search?q=job+outcomes+University+of+Aberdeen,,,,,,,,,,
University of British Columbia Okanagan,https://www.google.com/search?q=job+outcomes+University+of+British+Columbia+Okanagan,,,,,,,,,,
University of Glasgow,https://www.google.com/search?q=job+outcomes+University+of+Glasgow,,,,,,,,,,
University of Oregon - Clark Honors College,https://www.google.com/search?q=job+outcomes+University+of+Oregon+-+Clark+Honors+College,,,,,,,,,,
University of Oxford,https://www.google.com/search?q=job+outcomes+University+of+Oxford,,,,,,,,,,
University of the Arts London,https://www.google.com/search?q=job+outcomes+University+of+the+Arts+London,,,,,,,,,,
Utah State University,https://www.google.com/search?q=job+outcomes+Utah+State+University,,,,,,,,,,
Virginia Polytechnic Institute and State University,https://www.google.com/search?q=job+outcomes+Virginia+Polytechnic+Institute+and+State+University,,,,,,,,,,
Washington College,https://www.google.com/search?q=job+outcomes+Washington+College,,,,,,,,,,
Webb Institute,https://www.google.com/search?q=job+outcomes+Webb+Institute,,,,,,,,,,
West Virginia University,https://www.google.com/search?q=job+outcomes+West+Virginia+University,,,,,,,,,,
Western Michigan University,https://www.google.com/search?q=job+outcomes+Western+Michigan+University,,,,,,,,,,
Western Oregon University,https://www.google.com/search?q=job+outcomes+Western+Oregon+University,,,,,,,,,,
Wheaton College - Massachusetts,https://www.google.com/search?q=job+outcomes+Wheaton+College+-+Massachusetts,,,,,,,,,,
University of Wyoming,https://www.google.com/search?q=job+outcomes+University+of+Wyoming,,,,,,,,,,
Xavier University,https://www.google.com/search?q=job+outcomes+Xavier+University,,,,,,,,,,
Univerisity of Silicon Valley,https://www.google.com/search?q=job+outcomes+Univerisity+of+Silicon+Valley,,,,,,,,,,
University of District of Columbia,https://www.google.com/search?q=job+outcomes+University+of+District+of+Columbia,,,,,,,,,,
Landmark College,https://www.google.com/search?q=job+outcomes+Landmark+College,,,,,,,,,,
